Domain,Status,Attractiveness,Demand,Length,Sectors,Created,Expires,Registrar
one.blog,available,132,44%,3,"Business,General,Media,Technology",,,
second.blog,available,120,23%,6,"General,Mathematics",,,
flat.blog,available,116,24%,4,"Construction,Real Estate",,,
zero.blog,available,112,49%,4,Mathematics,,,
nought.blog,available,92,4%,6,Mathematics,,,
twentieth.blog,available,92,3%,9,Mathematics,,,
leash.blog,available,90,7%,5,"General,Health and Fitness,Retail",,,
eleven.blog,available,88,33%,6,Mathematics,,,
hundred.blog,available,88,14%,7,Mathematics,,,
ten.blog,available,88,28%,3,"General,Mathematics",,,
sixteen.blog,available,88,11%,7,Mathematics,,,
three.blog,available,88,24%,5,Mathematics,,,
cipher.blog,resell,86,29%,6,Mathematics,22/09/2024 01:11,22/09/2025 23:59,"Sav.com, LLC - 13"
xiv.blog,available,86,12%,3,Mathematics,,,
xix.blog,available,86,11%,3,Mathematics,,,
twentytwo.blog,available,84,11%,10,Mathematics,,,
grand.blog,available,84,25%,5,"Finance,General",,,
thousand.blog,available,84,8%,8,Mathematics,,,
fourteen.blog,available,84,8%,8,Mathematics,,,
thirteen.blog,available,84,10%,8,Mathematics,,,
decade.blog,available,82,10%,6,Mathematics,,,
dozen.blog,available,82,10%,5,Mathematics,,,
two.blog,available,80,24%,3,Mathematics,,,
yard.blog,available,80,26%,4,"Construction,General",,,
twenty.blog,available,80,12%,6,Mathematics,,,
first.blog,available,80,36%,5,"General,Mathematics",,,
twentysix.blog,available,78,8%,10,Mathematics,,,
hundredth.blog,available,76,1%,9,Mathematics,,,
fourteenth.blog,available,76,1%,10,Mathematics,,,
nineteenth.blog,available,76,3%,10,Mathematics,,,
thirteenth.blog,available,76,4%,10,Mathematics,,,
threed.blog,available,76,7%,7,Technology,,,
thousandth.blog,available,76,1%,10,Mathematics,,,
fifteenth.blog,available,76,2%,9,Mathematics,,,
eighteen.blog,available,76,7%,8,Mathematics,,,
single.blog,available,74,19%,6,Sports,,,
trinity.blog,available,72,18%,7,Religion,,,
ternary.blog,available,72,7%,7,Mathematics,,,
unity.blog,available,70,40%,5,Mathematics,,,
ane.blog,available,68,12%,3,Mathematics,,,
thirtieth.blog,available,68,1%,9,Mathematics,,,
xii.blog,available,66,10%,3,Mathematics,,,
deuce.blog,available,66,9%,5,Sports,,,
xxii.blog,available,66,6%,4,Mathematics,,,
xviii.blog,available,66,5%,5,Mathematics,,,
clv.blog,available,66,10%,3,Mathematics,,,
xxv.blog,available,66,6%,3,Mathematics,,,
xiii.blog,available,66,9%,4,Mathematics,,,
xxi.blog,available,66,10%,3,Mathematics,,,
xvi.blog,available,66,5%,3,Mathematics,,,
xxvi.blog,available,66,3%,4,Mathematics,,,
xvii.blog,available,66,5%,4,Mathematics,,,
thirty.blog,available,66,8%,6,Mathematics,,,
tenner.blog,available,66,5%,6,Finance,,,
century.blog,available,66,17%,7,Education,,,
onec.blog,available,66,6%,5,Mathematics,,,
sixteenth.blog,available,62,1%,9,Mathematics,,,
eleventh.blog,available,62,5%,8,Mathematics,,,
troika.blog,available,62,8%,6,Politics,,,
chiliad.blog,available,62,2%,7,Mathematics,,,
eighteenth.blog,available,62,1%,10,Mathematics,,,
longdozen.blog,available,62,2%,10,Mathematics,,,
twodozen.blog,available,62,1%,9,Mathematics,,,
cxxx.blog,available,60,4%,4,Mathematics,,,
cxxxv.blog,available,60,2%,5,Mathematics,,,
cxv.blog,available,60,4%,3,Mathematics,,,
thou.blog,available,60,7%,4,Mathematics,,,
cxx.blog,available,60,10%,3,Mathematics,,,
clxv.blog,available,60,1%,4,Mathematics,,,
cxxv.blog,available,60,1%,4,Mathematics,,,
cxlv.blog,available,60,2%,4,Mathematics,,,
clxx.blog,available,60,3%,4,Mathematics,,,
clxxx.blog,available,60,1%,5,Mathematics,,,
clxxv.blog,available,60,1%,5,Mathematics,,,
clx.blog,available,60,10%,3,Mathematics,,,
cxl.blog,available,60,7%,3,Mathematics,,,
xcl.blog,available,60,5%,3,Mathematics,,,
centesimal.blog,available,58,1%,10,Mathematics,,,
twelfth.blog,available,58,2%,7,Mathematics,,,
xxiv.blog,available,56,5%,4,Mathematics,,,
thirtytwo.blog,available,56,5%,10,Mathematics,,,
xxiii.blog,available,56,5%,5,Mathematics,,,
xxvii.blog,available,56,3%,5,Mathematics,,,
xxix.blog,available,56,4%,4,Mathematics,,,
thirtyone.blog,available,56,5%,10,Mathematics,,,
xxxi.blog,available,56,9%,4,Mathematics,,,
xxviii.blog,available,56,1%,6,Mathematics,,,
deuceace.blog,available,54,2%,9,Sports,,,
triplet.blog,available,50,8%,7,Science,,,